{
  "tmc.conf.PrimaryServerIP": "localhost",
  "tmc.conf.WCFSharedPort": "17000",
  "tmc.conf.RestAPIPort": "55080",
  "tmc.conf.ServerID": "1",
  "tmc.conf.TetherfiAppPath": "C:\\Tetherfi\\TetherfiHome",
  "tmc.conf.ProductName": "TMACServer",
  "tmc.conf.TetherfiLogPath": "C:\\Tetherfi\\TetherfiHome\\Logs\\TMACServer",
  "tmc.conf.DBConnection": "Data Source=localhost\\SQLExpress,14330;User ID=sa;Password=P@ssw0rd;Initial Catalog=OCM;Application Name=TMACServer;",
  "tmc.conf.AgentConnectionTimeout": "120",
  "tmc.conf.AESUserName": "Tetherfi",
  "tmc.conf.AESPassword": "Tetherfi_01",
  "tmc.conf.AESLink": "AVAYA#CMSIM#CSTA#AESSIM",
  "tmc.conf.CTIServerURL1": "http://localhost:17000/TetherfiTSAPIServer",
  "tmc.conf.CTIWebSockURL1": "ws://localhost:1337",
  "tmc.conf.CTIServerURL2": "http://localhost:17000/TetherfiTSAPIServer2",
  "tmc.conf.CTIWebSockURL2": "ws://localhost:1338",
  "tmc.conf.SignalrServerUrl": "https://localhost:443/TMACSignalRServer",
  "tmc.conf.WorkQueueIDList": "1,2",
  "tmc.conf.WorkQueueServerCount": "2",
  "tmc.conf.WorkQueue1": "http://localhost:17000/WorkQueue1/",
  "tmc.conf.WorkQueue2": "http://localhost:17000/WorkQueue2/",
  "tmc.conf.WorkQueue3": "http://localhost:17000/WorkQueue3/",
  "tmc.conf.WorkQueue4": "http://localhost:17000/WorkQueue4/",
  "tmc.conf.DropRequestPhantoms": "'17007','17206'",
  "tmc.conf.CallbackPhantoms": "'17006'",
  "tmc.conf.SMSServerCount": "0",
  "tmc.conf.SMSManager1": "http://localhost:17000/SMSManager1/",
  "tmc.conf.SMSManager2": "http://localhost:17000/SMSManager2/",
  "tmc.conf.SMSManager3": "http://localhost:17000/SMSManager3/",
  "tmc.conf.SMSManager4": "http://localhost:17000/SMSManager4/",
  "tmc.conf.EMCServer1": "http://localhost:17000/emc1/",
  "tmc.conf.EMCServer2": "http://localhost:17000/emc2/",
  "tmc.conf.DisconWs": "http://localhost:45080/SGCFS/Tetherfi_DisconnectWS/OnDisconnect.asmx",
  "tmc.conf.EmailServer1": "http://localhost:17000/emailserver1/",
  "tmc.conf.EmailServer2": "http://localhost:17000/emailserver2/",
  "tmc.conf.Social_WA_SendUrls": "http://localhost:65405/Manage/Social/WHATSAPP/Notify/940b53b0-4990-11ea-b46e-21c480dc220e/{0}",
  "tmc.conf.SMSAPIUrls": "http://localhost:17000/SMSAPI2/",
  "tmc.conf.AttributeSMSAPIUrls": "http://localhost:17000/AttributeSMSAPI1/,http://localhost:17000/AttributeSMSAPI2/",
  "tmc.conf.AgentAssist_VIVRUrl": "https://localhost:8443/visual-ivr-websocket/?intent={0}&amp;interactionid={1}&amp;agentid={2}",
  "tmc.conf.Data_TextChatSelfServiceLoadIwUrls": "http://localhost/IWInterpreterWebApp/restServices/GetDnisFlowMap",
  "tmc.conf.TextChat_ConversationApiUrl": "",
  "tmc.conf.AllTmacRestUrls": "http://localhost:55080/TMACRestAPI2,http://localhost:55080/TMACRestAPI3",
  "tmc.conf.TextChat_AsyncChatDataAPIUrls": "",
  "tmc.conf.SignalRSharedPort": "443",
  "tmc.conf.DataServerCount": "0",
  "tmc.conf.DataServer1": "http://localhost:17000/TmacDataServer1/",
  "tmc.conf.DataServer2": "http://localhost:17000/TmacDataServer2/",
  "tmc.conf.DataServer3": "http://localhost:17000/TmacDataServer3/",
  "tmc.conf.DataServer4": "http://localhost:17000/TmacDataServer4/",
  "tmc.conf.TFAXServerCount": "0",
  "tmc.conf.Faxer1": "http://localhost/",
  "tmc.conf.Faxer2": "http://localhost/",
  "tmc.conf.TCamp1": "http://localhost/",
  "tmc.conf.TCamp2": "http://localhost/",
  "tmc.conf.Data_IntentLoadIwUrlTrySequence": "",
  "tmc.conf.Data_IntentLoadIwUrls": "http://localhost:64401/IWInterpreterWebApp/restServices/GetIntentList",
  "tmc.conf.AgentLogin_LDAPDefaultAddress": "localhost:636",
  "tmc.conf.FaxFilesURL": "",
  "tmc.conf.AgentLogin_SkipLDAPAuth": "211999",
  "tmc.conf.Recorder_Ext_StartsWith": "150",
  "tmc.conf.Recorder_Exts_Range": "1002-1010",
  "tmc.conf.NoOfRecorderServers": "0",
  "tmc.conf.RecorderServer1": "http://localhost:50000/TetherfiRecorderServer1",
  "tmc.conf.RecorderServer2": "http://localhost:50000/TetherfiRecorderServer2"
}
