{
    "UISettings": {
        "ShowLabelOnTitle": true,
        "TitleName": "TMAC",
        "FullTMACEnabled": false,
        "ResizeEnabled": true,
        "KendoWindowWidth": {
            "add_reminder": "525px",
            "barge_in_dialog": "525px",
            "make_call_dialog": "525px",
            "transfer_dialog": "525px",
            "convert_dialog": "525px",
            "conference_dialog": "525px",
            "confirm_dialog": "525px",
            "callback_dialog": "225px",
            "pom_callback_dialog": "600px",
            "va_history": "400px",
            "chat_template_dialog": "525px",
            "start_chat_dialog": "525px",
            "compose_dialog": "525px",
            "fax_template_dialog": "800px",
            "modal_enroll_facetouch": "525px",
            "dial_pad_window": "260px"
        },
        "ShowDialogAsModal": true,
        "ExpandOnIframes": {
            "Supervisor": true,
            "Workbench": false
        },
        "Landing": {
            "ShowStationId": true,
            "ShowStatus": true,
            "ShowAgentProfile": true
        }
    },
    "Main": {
        "ShowNotificationDeniedAlert": false,
        "NotificationDuration": 5,
        "ShowLeftPanelAfterLogin": false,
        "CustomMainTabEnabled": false,
        "PushNotificationEnabled": true,
        "LoadAuxByTeam": false,
        "InitialStatus": "Default",
        "PopUpBroadcast": false,
        "LogoutAUX": "logout",
        "StatusChangeOnCallDisabled": false,
        "CloseTabsOnStatusChange": {
            "Enabled": true,
            "SkipOnTypes": [],
            "SkipOnStatus": [],
            "CloseTabLastStatus": "ACW"
        },
        "CloseTabOnDisconnectAllowed": {
            "Voice": true,
            "TextChat": true
        },
        "CloseLoginPageAfterLogin": false,
        "LogoutOnOpenTabsAllowed": true
    },
    "AppSettings": {
        "ExtraLogs": {
            "TMACEventNames": true,
            "TMACEventObjects": false,
            "VoiceBioEvents": false
        },
        "SignalrConnectorEnabled": false
    },
    "Channel": {
        "TextChat": {
            "Enabled": true,
            "pWebChatEnabled": true,
            "Authentication": {
                "PanelEnabled": true,
                "Labels": {
                    "label1": "Authentication Level",
                    "label2": "Authentication Status"
                }
            },
            "CustomerInfo": [
                {
                    "Title": "Name",
                    "HTMLElementID": "tc_scName",
                    "ClassName": "",
                    "Source": "TextChatRemoteUserConnectedEvent.JsonDataObj.pName",
                    "Unit": "",
                    "DefaultValue": "VP"
                },
                {
                    "Title": "User ID",
                    "HTMLElementID": "tc_userId",
                    "ClassName": "",
                    "Source": "TextChatRemoteUserConnectedEvent.JsonDataObj.pUserId",
                    "Unit": "",
                    "DefaultValue": "1234"
                },
                {
                    "Title": "CIF",
                    "HTMLElementID": "tc_cif",
                    "ClassName": "",
                    "Source": "TextChatRemoteUserConnectedEvent.JsonDataObj.pCIF",
                    "Unit": "",
                    "DefaultValue": "555"
                },
                {
                    "Title": "Mobile Number",
                    "HTMLElementID": "tc_regNo",
                    "ClassName": "",
                    "Source": "TextChatRemoteUserConnectedEvent.JsonDataObj.pMobileNumber",
                    "Unit": "",
                    "DefaultValue": "8560"
                },
                {
                    "Title": "Gender",
                    "HTMLElementID": "tc_gender",
                    "ClassName": "",
                    "Source": "TextChatRemoteUserConnectedEvent.JsonDataObj.pGender",
                    "Unit": "",
                    "DefaultValue": "Male"
                },
                {
                    "Title": "DOB",
                    "HTMLElementID": "tc_DOB",
                    "ClassName": "",
                    "Source": "TextChatRemoteUserConnectedEvent.JsonDataObj.pDOB",
                    "Unit": "",
                    "DefaultValue": "Dec 5, '55"
                },
                {
                    "Title": "Queue Time",
                    "HTMLElementID": "tc_chatQueueTime",
                    "ClassName": "custom-width-50",
                    "Source": "TextChatRemoteUserConnectedEvent.QueueTime",
                    "Unit": " seconds",
                    "DefaultValue": ""
                }
            ],
            "GrammerCheckEnabled": false,
            "ImmediateCallbackAllowed": false,
            "ScheduledCallbackAllowed": false,
            "SanitizeHtmlEnabled": true,
            "TransferAllowed": true,
            "ConferenceAllowed": true,
            "SignatureAllowed": true,
            "Snapshot": {
                "Allowed": true,
                "FromRemote": true
            },
            "EmojiAllowed": false,
            "ShowUserLabel": true,
            "CameraCaptureAllowed": true,
            "VoiceNoteAllowed": true,
            "WhiteBoard": {
                "Allowed": false
            },
            "PDFAndImageEditing": {
                "Allowed": true,
                "DrawStrokeStyle": "#000",
                "DrawStrokeSize": "12"
            },
            "Attachment": {
                "Allowed": true,
                "SizeLimit": "10",
                "Formats": {
                    "Image": [
                        ".JPG",
                        ".JPEG",
                        ".PNG"
                    ],
                    "Video": [
                        ".MP4"
                    ],
                    "Audio": [
                        ".WAV"
                    ],
                    "File": [
                        ".DOC",
                        ".DOCX",
                        ".XLS",
                        ".XLSX"
                    ]
                }
            },
            "ScreenShareAllowed": true,
            "CoBrowse": {
                "Allowed": false,
                "MousePointerCapture": false
            },
            "ReplyOnChatAllowed": true,
            "MaximizeWindowOnAVCall": true,
            "VAHistory": {
                "Enabled": true,
                "DisplayName": "Chatbot History",
                "CountryFilter": ""
            },
            "HyperLinks": {
                "Allowed": true,
                "SendAllHyperLinksOnChatEnd": false
            },
            "SendAsAppMessage": false,
            "Template": {
                "ButtonEnabled": true,
                "Filter": "startswith",
                "FilterByTime": true,
                "UpdateThreshold": 0
            },
            "ChatBoxType": "inline",
            "DisconnectChatLabel": "Interaction",
            "CustomTextChat": {
                "Enabled": false,
                "Configs": []
            },
            "InteractionConversion": {
                "Allowed": true,
                "Channels": [
                    {
                        "Name": "Generic",
                        "Label": "Generic"
                    },
                    {
                        "Name": "AudioVideo",
                        "Label": "Audio Video"
                    }
                ],
                "On": [
                    "oncall",
                    "afterdisconnect"
                ]
            },
            "AV": {
                "Enabled": true,
                "UIType": "tab",
                "Escalate": {
                    "Audio": true,
                    "Video": true,
                    "Timeout": 3000
                },
                "PopUp": {
                    "allowMaximize": true,
                    "allowMinimize": true,
                    "allowPip": true,
                    "defaultMode": "pip"
                },
                "SendWebRTCInfo": {
                    "stats": false,
                    "signals": false,
                    "errors": false
                },
                "WebRTCConfig": {
                    "iceTransportPolicy": "all",
                    "sdpSemantics": "plan-b"
                },
                "MediaConstraints": {
                    "type": "",
                    "video": {
                        "width": 640,
                        "height": 480
                    }
                },
                "OfferOptions": {
                    "offerToReceiveAudio": true,
                    "offerToReceiveVideo": true,
                    "iceRestart": true
                },
                "RecordingOptions": {
                    "enabled": false,
                    "recordLocal": false
                },
                "AudioLevelCheck": {
                    "enabled": true,
                    "threshold": 0.30
                },
                "ConnectionBandwidthUpperLimit": 1024,
                "AudioTrackBandwidthUpperLimit": 16,
                "VideoTrackBandwidthUpperLimit": 128,
                "AudioMixerEnabled": true
            }
        },
        "Voice": {
            "OutboundStatusName": "Call Customer",
            "MakeCallAlwaysEnabled": false,
            "IVR": {
                "Transfer": {
                    "Allowed": true,
                    "Menu": [
                        {
                            "text": "Accesscode+TPIN",
                            "type": "v_nv",
                            "value": "tpin",
                            "icon": "lock"
                        }
                    ]
                },
                "MenuEnabled": true,
                "VoiceOnSingleChatEnabled": false,
                "InternalNumberStartsWith": "",
                "CustomDialCallPrefix": "",
                "CloseOutboundTabEnabled": false,
                "VoiceDataWindow": {
                    "Enabled": false,
                    "Type": ""
                },
                "VIPMappingEnabled": false,
                "Authentication": {
                    "PanelEnabled": true,
                    "Labels": {
                        "label1": "Verified Status",
                        "label2": "TPIN lock status"
                    }
                },
                "CustomerInfo": [
                    {
                        "Title": "Name",
                        "HTMLElementID": "txtName",
                        "ClassName": "",
                        "Source": "IncomingCallEvent.VDNName",
                        "Unit": "",
                        "DefaultValue": "VP"
                    },
                    {
                        "Title": "Language",
                        "HTMLElementID": "txtLanguage",
                        "ClassName": "custom-width-50",
                        "Source": "",
                        "Unit": "",
                        "DefaultValue": "English"
                    },
                    {
                        "Title": "CIF",
                        "HTMLElementID": "txtCIF",
                        "ClassName": "custom-width-50",
                        "Source": "IncomingCallEvent.CalledDevice",
                        "Unit": "",
                        "DefaultValue": "555"
                    },
                    {
                        "Title": "Caller ID",
                        "HTMLElementID": "txtCallerID",
                        "ClassName": "custom-width-50",
                        "Source": "IncomingCallEvent.PhoneNumber",
                        "Unit": "",
                        "DefaultValue": "8560"
                    }
                ]
            },
            "Callback": {
                "Enabled": false,
                "TrimDigitsBeforeCall": "",
                "IsCallerIDTextBoxReadonly": false,
                "LanguageTruncateEnabled": false,
                "dCallbackType": "",
                "ExtensionRange": "",
                "VDNListStartsWith": "",
                "VDNListEndsWith": "",
                "AppendCustomDialPrefixPrefNumber": false,
                "Options": []
            },
            "VoiceBio": {
                "RetryInterval": 5000,
                "ManualLanIdEnabled": true,
                "NotificationLimit": {
                    "notEnrolled": 0,
                    "enrolled": 0,
                    "enoughAudio": 0,
                    "authenticated": 0,
                    "notAuthenticated": 0,
                    "rejectedTwice": 0
                },
                "DefaultSnoozeTimeout": 5
            }
        },
        "Fax": {
            "Enabled": true,
            "PrintAllowed": true,
            "InternationalPrefix": "00",
            "SendFaxToGroupAllowed": true,
            "SendMultipleItemsAllowed": true,
            "CoverPage": {
                "Enabled": true,
                "Type": "dynamic"
            },
            "MaxFaxLineRecipents": 10,
            "MaxFaxLineNumberLength": 20,
            "MaxFileUploads": 1,
            "MaxFileUploadSize": 10,
            "MaxMultipleFaxItems": 2,
            "RestrictFirstFaxItem": "file"
        },
        "SMS": {
            "Enabled": true,
            "DNISList": [],
            "MaxSmsLineRecipents": 1,
            "MaxSmsLineNumberLength": 8
        },
        "FB": {
            "Enabled": true
        },
        "Twitter": {
            "Enabled": true
        },
        "Line": {
            "Enabled": true
        }
    },
    "Features": {
        "AgentNotes": true,
        "GoogleTranslate": {
            "Enabled": true
        },
        "Reminders": {
            "Enabled": false
        },
        "Supervisor": {
            "Enabled": true
        },
        "AgentChat": {
            "Enabled": true,
            "AVEnabled": true
        },
        "SpeedDial": {
            "Voice": true,
            "TextChat": true,
            "Fax": false
        },
        "WorkCodes": {
            "LoadBasedOnTeam": false,
            "GroupingEnabled": true,
            "SelectionLimit": 1,
            "Label": "Completion Code",
            "Channels": {
                "Fax": {
                    "enable": true,
                    "mandatoryComplete": true
                }
            }
        },
        "TransferAndConference": {
            "BlindTransferAllowed": true,
            "FavouriteSkillTabEnabled": true,
            "CommentOnConfirmationAllowed": true,
            "ConsultTransferOnSkill": {
                "Voice": true,
                "TextChat": false,
                "Fax": false
            },
            "AgentBlindTransferDisabled": {
                "Voice": false,
                "TextChat": false,
                "Fax": true
            },
            "StatusEligibility": {
                "Voice": [
                    "Available"
                ],
                "TextChat": [],
                "Fax": []
            },
            "TransferListSkillFilterPrefix": {
                "Voice": "vo",
                "TextChat": "ch",
                "Fax": "fax",
                "Generic": "gen"
            },
            "CommentOnTransfer": {
                "Voice": false,
                "TextChat": true,
                "Fax": true
            },
            "SkipAccessRole": [
                "chatbot"
            ],
            "FavouriteSkillTabName": "Skill List",
            "SpeedDialTabName": "Speed Dial List",
            "FavouriteTargetTransfer": "skill"
        },
        "FaceTouchMonitor": {
            "Enabled": false
        },
        "Wallboard": {
            "Enabled": true,
            "ShowServiceLevel": false,
            "CIQThresholdForBlink": 5,
            "ServiceLevels": [
                {
                    "field": "BCMSData.SLPercentage",
                    "title": "SL %",
                    "width": "45px",
                    "template": "<div style='background:#=BCMSData.SLPercentage.background#; color:#=BCMSData.SLPercentage.color#;'>#=BCMSData.SLPercentage.value#</div>"
                }
            ]
        },
        "Workbench": {
            "Enabled": true
        },
        "InteractionHistory": {
            "Enabled": true,
            "RecordsCount": 5,
            "MultiHistory": false,
            "MultiHistoryInstanceNames": [
                "SG",
                "TH"
            ],
            "LoadOnEvent": true
        },
        "Dashboard": {
            "Enabled": false,
            "GlobalChannelList": [
                "Voice",
                "Textchat",
                "Fax"
            ],
            "DefaultInterval": "72",
            "Intervals": [
                {
                    "text": "12Hrs",
                    "value": "12"
                },
                {
                    "text": "24Hrs",
                    "value": "24"
                },
                {
                    "text": "36Hrs",
                    "value": "36"
                },
                {
                    "text": "48Hrs",
                    "value": "48"
                },
                {
                    "text": "60Hrs",
                    "value": "60"
                },
                {
                    "text": "72Hrs",
                    "value": "72"
                }
            ]
        },
        "EventActions": {
            "Enabled": true,
            "On": {
                "AgentStatusChangeEvent": {
                    "URL": "https://my.domain/Something/",
                    "DisplayType": "window",
                    "Type": "generic",
                    "Data": {
                        "source": "AgentStatusChangeEvent.Source"
                    },
                    "Filters": [
                        {
                            "Variable": "AgentStatusChangeEvent.Status",
                            "Operator": "eq",
                            "Value": "Escalation/Support",
                            "BetweenOperator": "or"
                        },
                        {
                            "Variable": "AgentStatusChangeEvent.Status",
                            "Operator": "eq",
                            "Value": "Buddy/Training",
                            "BetweenOperator": ""
                        }
                    ]
                }
            }
        }
    },
    "CRM": {
        "iServe": {
            "Enabled": false,
            "URL": ""
        },
        "Nice": {
            "Enabled": false
        },
        "DynamicCRM": {
            "Enabled": false
        },
        "DynamicXRM": {
            "Enabled": false
        },
        "Siebel": {
            "Enabled": false
        }
    },
    "POM": {
        "CallDashboardEnabled": false,
        "CampaignDashboardEnabled": false,
        "CallbackDashboardEnabled": false,
        "DNDTypes": [],
        "LoginFlag": false,
        "SaleScreenList": [],
        "InboundWrapupCodes": [],
        "PreviewAutoDialEnabled": false,
        "TrimNumberLength": "",
        "LimitPOMCallbackDate": false
    },
    "URLs": {
        "FaceCompare": "",
        "IceServers": [
            {
                "urls": "turn:10.133.146.45:3579",
                "username": "singtel",
                "credential": "singtel"
            },
            {
                "urls": "turn:113.11.252.177:3587",
                "username": "tetherfi",
                "credential": "nuwan"
            },
            {
                "urls": "turn:tmac.tetherfilabs.com:3585",
                "username": "tetherfi",
                "credential": "nuwan"
            },
            {
                "credential": "nuwan",
                "urls": "turn:dice.tetherfi.cloud:3585",
                "username": "tetherfi"
            }
        ],
        "Channel": {
            "FileServer": {
                "SMM": "https://my.domain:13019/upload",
                "MediaProxy": "https://my.domain/FileUploadDownload/"
            },
            "Campaign": {
                "Selector": "",
                "Service": ""
            },
            "SocialMedia": {
                "Line": "https://my.domain:29443/Twitter/UI/Line/PrivateMessage.html",
                "Twitter": "https://my.domain:29443/Twitter/UI/Twitter/Assign.html",
                "TwitterDM": "https://my.domain:29443/Twitter/UI/Twitter/PrivateMessage.html"
            },
            "TextChat": {
                "WhiteBoard": ""
            }
        },
        "InteractionHistory": {
            "PreviewEmail": ""
        },
        "SignalRConnector": {
            "Dashboard": {
                "protocol": "longPolling",
                "urls": []
            },
            "WebRTCMonitor": {
                "protocol": "",
                "urls": [
                    "https://my.domain:55443/TMCCallStatServer"
                ]
            }
        },
        "TCIE": "http://localhost:31429/Tmac_Proxy/TmacProxy.asmx/",
        "Custom": {
            "RestCall": {},
            "VideoAudit": "https://localhost:8081/EKYCAudit/Index"
        }
    },
    "Custom": {
        "ShowEntireVAChatHistory": false,
        "BargeInEnabled": true,
        "SegmentMapping": [],
        "CSATSurveyEnabled": false,
        "CRM": {
            "OnCallbackEndEnabled": false,
            "ACWQMSCRMEnabled": false,
            "CustomURL": ""
        }
    }
}