[
  {
    "Name": "Agent Assist",
    "Description": "",
    "Key": "AgentAssist",
    "Type": "tw-agent-assist",
    "Config": {
      "Enabled": true,
      "Static": false,
      "Anchor": false,
      "AOT": false,
      "Icon": "verified_user",
      "Class": "",
      "Position": {
        "X": 2,
        "Y": 1
      },
      "Actions": [
        "float"
      ],
      "ViewState": "restore",
      "Header": true,
      "Pinned": false
    },
    "Data": {
      "Confidence": 0.5,
      "AssistWidgetUrl": "https://mx.tetherfi.cloud:8443/visual-ivr-websocket/?intent=_intent&ucid=_ucid",
      "Title": "Agent Assist",
      "Icon": "assistant",
      "Width": 450,
      "Height": 800,
      "Actions": [
        "minimize",
        "maximize",
        "destroy"
      ],
      "ViewState": "restore"
    }
  },
  {
    "Name": "Campaign",
    "Description": "",
    "Key": "Campaign",
    "Type": "tw-custom",
    "Config": {
      "Enabled": true,
      "Hidden": false,
      "Static": false,
      "Anchor": false,
      "AOT": false,
      "AutoOpen": false,
      "Icon": "",
      "Class": "",
      "Position": {
        "X": 3,
        "Y": 2
      },
      "Actions": [
        "maximize",
        "float"
      ],
      "ViewState": "restore",
      "Header": true
    },
    "Data": {
      "Url": "https://mx.tetherfi.cloud/TCM_Client/ui/campaign_selector.html?phone=${Interaction.Item.PhoneNumber}&agentID=${AgentData.agentId}&extension=${AgentData.deviceId}&ucid=&skill=${Interaction.Item.Skill}&intid=${Interaction.InteractionID}&ID=${Interaction.Item.ID}",
      "OpenInNew": false
    }
  },
  {
    "Name": "Work Codes",
    "Description": "",
    "Key": "WorkCodes",
    "Type": "tw-work-codes",
    "Config": {
      "Enabled": true,
      "Hidden": false,
      "Static": false,
      "Anchor": false,
      "AOT": false,
      "AutoOpen": false,
      "Icon": "",
      "Class": "",
      "Position": {
        "X": 2,
        "Y": 1
      },
      "Actions": [
        "maximize",
        "float"
      ],
      "ViewState": "restore",
      "Header": true,
      "Pinned": false
    },
    "Data": {
      "Role": "interaction",
      "ByTeam": false,
      "ByGroup": true
    }
  },
  {
    "Name": "No Widget Available",
    "Description": "",
    "Key": "NoWidget",
    "Type": "tw-sample",
    "Config": {
      "Enabled": true,
      "Hidden": false,
      "Static": false,
      "Anchor": false,
      "AOT": false,
      "AutoOpen": false,
      "Icon": "",
      "Class": "",
      "Position": {
        "X": 2,
        "Y": 1
      },
      "Actions": [],
      "ViewState": "restore",
      "Header": true,
      "Pinned": false
    },
    "Data": {}
  },
  {
    "Name": "No Widget Available",
    "Description": "",
    "Key": "NoWidget",
    "Type": "tw-sample",
    "Config": {
      "Enabled": true,
      "Hidden": false,
      "Static": false,
      "Anchor": false,
      "AOT": false,
      "AutoOpen": false,
      "Icon": "",
      "Class": "",
      "Position": {
        "X": 2,
        "Y": 1
      },
      "Actions": [],
      "ViewState": "restore",
      "Header": true,
      "Pinned": false
    },
    "Data": {}
  }
]