{
    "Main": {
        "SupportDoc": "docs/pdf.pdf",
        "Supervisor": "/TMACSupervisor",
        "Workbench": "/TMAC_Workbench/Index.html",
        "TMeet": "https://my.domain",
        "Dashboard": "/TMACUtils/ui/dashboard.html",
        "TFaceAuthProxy": "https://my.domain/TFaceAuthProxy/Proxy.asmx?op=VerifyFaceImages"
    },
    "Proxy": {
        "Protocol": "asmx",
        "Links": [
            "/TmacProxy/TmacProxy.asmx/"
        ],
        "SignalRProtocol": "webSockets"
    },
    "Custom": {}
}