{
  "Section1": {
    "CampaignNames": [ "SG_TS_CAMP_GI" ],
    "Variables": {
      "1_3|Account_Number": [
        "CC1_ACC_NO",
        "CC2_ACC_NO",
        "CC3_ACC_NO",
        "CC4_ACC_NO",
        "CC5_ACC_NO"
      ],
      "1_3|Account_Type": [
        "CC1_ACC_DESP",
        "CC2_ACC_DESP",
        "CC3_ACC_DESP",
        "CC4_ACC_DESP",
        "CC5_ACC_DESP"
      ],
      "1_3|Exp_Date": [
        "CC1_EXPIRY_DATE",
        "CC2_EXPIRY_DATE",
        "CC3_EXPIRY_DATE",
        "CC4_EXPIRY_DATE",
        "CC5_EXPIRY_DATE"
      ],
      "2_3|DEP1_Expiry_Date": "DEP1_EXPIRY_DATE",
      "2_3|DEP2_Expiry_Date": "DEP2_EXPIRY_DATE",
      "2_3|UOI_CAMP": "UOI_CAMP",
      "3_2|Spare_1": "SPARE1",
      "3_2|Spare_2": "SPARE2",
      "4_2|Spare_3": "SPARE3",
      "4_2|Spare_4": "SPARE4",
      "5_2|Spare_5": "SPARE5",
      "5_2|Spare_6": "SPARE6"
    }
  },
  "Section2": {
    "CampaignNames": [
      "SG_TS_CAMP_ACQ",
      "SG_TS_CAMP_EX",
      "SG_TS_CAMP_PLFT",
      "SG_TS_CAMP_CS"
    ],
    "Variables": {
      "1_6|CC:_Account_Number": [
        "CC1_ACC_NO",
        "CC2_ACC_NO",
        "CC3_ACC_NO",
        "CC4_ACC_NO",
        "CC5_ACC_NO"
      ],
      "1_6|CC:_Account_Type": [
        "CC1_ACC_DESP",
        "CC2_ACC_DESP",
        "CC3_ACC_DESP",
        "CC4_ACC_DESP",
        "CC5_ACC_DESP"
      ],
      "1_6|CC:_Open_Date": [
        "CC1_ACC_OPENDTE",
        "CC2_ACC_OPENDTE",
        "CC3_ACC_OPENDTE",
        "CC4_ACC_OPENDTE",
        "CC5_ACC_OPENDTE"
      ],
      "1_6|CC:_BLK": [
        "CC1_BLOCK_CODE",
        "CC2_BLOCK_CODE",
        "CC3_BLOCK_CODE",
        "CC4_BLOCK_CODE",
        "CC5_BLOCK_CODE"
      ],
      "1_6|CC:_Accrued_Int": [
        "CC1_ACCRUED_INT",
        "CC2_ACCRUED_INT",
        "CC3_ACCRUED_INT",
        "CC4_ACCRUED_INT",
        "CC5_ACCRUED_INT"
      ],
      "1_6|CC:_O/S_Bal": [
        "CC1_OUTSTA_BAL",
        "CC2_OUTSTA_BAL",
        "CC3_OUTSTA_BAL",
        "CC4_OUTSTA_BAL",
        "CC5_OUTSTA_BAL"
      ],
      "2_3|CC:_Card_Limit": "CC_CREDIT_LIMIT",
      "2_3|CC:_Avail_Bal": "CC_AVAIL_BAL",
      "2_3|CC:_Payment_Due": "CC_PAYM_DUE_DTE",
      "3_6|CP:_Account_Number": [ "CP1_ACC_NO", "CP2_ACC_NO", "CP3_ACC_NO" ],
      "3_6|CP:_Account_Type": [ "CP1_ACC_DESP", "CP2_ACC_DESP", "CP3_ACC_DESP" ],
      "3_6|CP:_Open_Date": [
        "CP1_ACC_OPENDTE",
        "CP2_ACC_OPENDTE",
        "CP3_ACC_OPENDTE"
      ],
      "3_6|CP:_BLK": [ "CP1_BLOCK_CODE", "CP2_BLOCK_CODE", "CP3_BLOCK_CODE" ],
      "3_6|CP:_Accrued_Int": [
        "CP1_ACCRUED_INT",
        "CP2_ACCRUED_INT",
        "CP3_ACCRUED_INT"
      ],
      "3_6|CP:_O/S_Bal": [ "CP1_OUTSTA_BAL", "CP2_OUTSTA_BAL", "CP3_OUTSTA_BAL" ],
      "4_3|CP:_Limit": "CP_CREDIT_LIMIT",
      "4_3|CP:_Avalil_Bal": "CP_AVAIL_BAL",
      "4_3|CP:_Payment_Due": "CP_PAYM_DUE_DTE",
      "5_2|Spare_1": "SPARE1",
      "5_2|Spare_2": "SPARE2",
      "6_2|Spare_3": "SPARE3",
      "6_2|Spare_4": "SPARE4",
      "7_2|Spare_5": "SPARE5",
      "7_2|Spare_6": "SPARE6"
    }
  },
  "Section3": {
    "CampaignNames": [
      "SG_TS_CAMP_ACQ",
      "SG_TS_CAMP_EX",
      "SG_TS_CAMP_PLFT",
      "SG_TS_CAMP_CS"
    ],
    "Variables": {
      "1_4|CC:_Curr_Rate": [
        "CC1_CURR_RATE",
        "CC2_CURR_RATE",
        "CC3_CURR_RATE",
        "CC4_CURR_RATE",
        "CC5_CURR_RATE"
      ],
      "1_4|CC:_Promo_Rate": [
        "CC1_PROMO_RATE",
        "CC2_PROMO_RATE",
        "CC3_PROMO_RATE",
        "CC4_PROMO_RATE",
        "CC5_PROMO_RATE"
      ],
      "1_4|CC:_Promo_Start": [
        "CC1_PROMO_OPNDTE",
        "CC2_PROMO_OPNDTE",
        "CC3_PROMO_OPNDTE",
        "CC4_PROMO_OPNDTE",
        "CC5_PROMO_OPNDTE"
      ],
      "1_4|CC:_Promo_End": [
        "CC1_PROMO_ENDTE",
        "CC2_PROMO_ENDTE",
        "CC3_PROMO_ENDTE",
        "CC4_PROMO_ENDTE",
        "CC5_PROMO_ENDTE"
      ],
      "2_4|CP:_Curr_Rate": [ "CP1_CURR_RATE", "CP2_CURR_RATE", "CP3_CURR_RATE" ],
      "2_4|CP:_Promo_Rate": [
        "CP1_PROMO_RATE",
        "CP2_PROMO_RATE",
        "CP3_PROMO_RATE"
      ],
      "2_4|CP:_Promo_Start": [
        "CP1_PROMO_OPNDTE",
        "CP2_PROMO_OPNDTE",
        "CP3_PROMO_OPNDTE"
      ],
      "2_4|CP:_Promo_End": [
        "CP1_PROMO_ENDTE",
        "CP2_PROMO_ENDTE",
        "CP3_PROMO_ENDTE"
      ]
    }
  },
  "Section4": {
    "CampaignNames": [ "SG_TS_CAMP_ACQ", "SG_TS_CAMP_EX" ],
    "Variables": {
      "1_3|DEP:_Account_Number": [
        "DEP1_ACC_NO",
        "DEP2_ACC_NO",
        "DEP3_ACC_NO",
        "DEP4_ACC_NO",
        "DEP5_ACC_NO",
        "DEP6_ACC_NO",
        "DEP7_ACC_NO"
      ],
      "1_3|DEP:_Account_Description": [
        "DEP1_ACC_DESP",
        "DEP2_ACC_DESP",
        "DEP3_ACC_DESP",
        "DEP4_ACC_DESP",
        "DEP5_ACC_DESP",
        "DEP6_ACC_DESP",
        "DEP7_ACC_DESP"
      ],
      "1_3|DEP:_Avail_Bal": [
        "DEP1_ACC_BAL",
        "DEP2_ACC_BAL",
        "DEP3_ACC_BAL",
        "DEP4_ACC_BAL",
        "DEP5_ACC_BAL",
        "DEP6_ACC_BAL",
        "DEP7_ACC_BAL"
      ],
      "2_3|Loan:_Account_Number": [
        "LOAN1_ACC_NO",
        "LOAN2_ACC_NO",
        "LOAN3_ACC_NO",
        "LOAN4_ACC_NO",
        "LOAN5_ACC_NO",
        "LOAN6_ACC_NO",
        "LOAN7_ACC_NO"
      ],
      "2_3|Loan:_Account_Description": [
        "LOAN1_ACC_DESP",
        "LOAN2_ACC_DESP",
        "LOAN3_ACC_DESP",
        "LOAN4_ACC_DESP",
        "LOAN5_ACC_DESP",
        "LOAN6_ACC_DESP",
        "LOAN7_ACC_DESP"
      ],
      "2_3|Loan:_Avail_Bal": [
        "LOAN1_ACC_BAL",
        "LOAN2_ACC_BAL",
        "LOAN3_ACC_BAL",
        "LOAN4_ACC_BAL",
        "LOAN5_ACC_BAL",
        "LOAN6_ACC_BAL",
        "LOAN7_ACC_BAL"
      ]
    }
  },
  "Section5": {
    "CampaignNames": [
      "SG_TS_CAMP_PLFT",
      "SG_TS_CAMP_AF",
      "SG_TS_CAMP_IB",
      "SG_TS_CAMP_Online",
      "SG_TS_CAMP_AI",
      "SG_TS_CAMP_DCP",
      "SG_TS_CAMP_Activation",
      "SG_TS_CAMP_MANUAL_PLFT"
    ],
    "Variables": {
      "1_3|Customer_Key": "CUSTKEY",
      "1_3|Contact": "CONTACT",
      "1_3|CIF_No": "CIF_NO",
      "2_2|Fax": "FAX",
      "2_2|Email": "E-Mail",
      "3_2|Agent_ID": "AGENT_ID",
      "3_2|Assigned_Date": "ASSIGNED_DATE",
      "4_3|Spare_1": "SPARE1",
      "4_3|Spare_2": "SPARE2",
      "4_3|Spare_3": "SPARE3",
      "5_3|Spare_4": "SPARE4",
      "5_3|Spare_5": "SPARE5",
      "5_3|Spare_6": "SPARE6"
    }
  },
  "Section6": {
    "CampaignNames": [
      "SG_TS_CAMP_PLFT",
      "SG_TS_CAMP_AF",
      "SG_TS_CAMP_IB",
      "SG_TS_CAMP_Online",
      "SG_TS_CAMP_AI",
      "SG_TS_CAMP_DCP",
      "SG_TS_CAMP_Activation",
      "SG_TS_CAMP_MANUAL_PLFT"
    ],
    "Variables": {
      "1_3|Car_Make": "CAR_MAKE",
      "1_3|Car_Model": "CAR_MODEL",
      "1_3|Car_Registration_Date": "CAR_REG_DATE",
      "2_3|Car_Manufacture_Year": "CAR_MANUFACTURE_YEAR",
      "2_3|NCD": "NCD",
      "2_3|Road_Tax_Date": "ROAD_TAX_DATE",
      "3_3|Chassis_Number": "CHASSIS_NUM",
      "3_3|Engine_Number": "ENGINE_NUM",
      "3_3|Registration_Number": "REGISTRATION_NUM",
      "4_3|Credit_Card_No": "CREDIT_CARD_NUMBER",
      "4_3|Credit_Card_Description": "CREDIT_CARD_DESCRIPTION",
      "4_3|CC_Expiry_Date": "CC_EXPIRY_DATE",
      "5_3|CASA_Acc": "CASA_ACCOUNT",
      "5_3|CASA_Description": "CASA_DESCRIPTION",
      "5_3|CP_Expiry_Date": "CP_EXPIRY_DATE",
      "6_2|Customer_Type": "CUST_TYPE",
      "6_2|F_Eligibility": "F_ELIGIBILITY",
      "7_2|CC_Credit_Limit": "CC_CREDIT_LIMIT",
      "7_2|Insurance_Expiry_Date": "INSURANCE_EXPIRY_DATE",
      "8_3|Cash_Plus": "CASHPLUS",
      "8_3|Cash_Plus_Description": "CASHPLUS_DESCRIPTION",
      "8_3|CP_Credit_Limit": "CP_CREDIT_LIMIT",
      "9_3|Campaign_Expiry_Date": "CAMP_EXPIRY_DATE",
      "9_3|Agent_ID": "AGENT_ID",
      "9_3|Assigned_Date": "ASSIGNED_DATE",
      "10_3|BTI": "BTI",
      "10_3|BTI_Range": "BTI_RANGE",
      "10_3|CBS": "CBS",
      "11_3|CC_Available_Balance": "CC_AVAIL_BALANCE",
      "11_3|CP_Available Balance": "CP_AVAIL_BALANCE",
      "11_3|CE_Remarks": "CE_REMARKS",
      "12_3|NTB": "NTB"
    }
  }
}
