{
    "Login": {
        "SinglePageEnabled": true,
        "Modes": {
            "Enabled": true,
            "Type": "nonpbx"
        },
        "LanIdDisabled": false,
        "ShowNotificationDeniedAlert": false,
        "PromptAgentIdOnInvalidLanID": true,
        "StationEnabled": true,
        "DomainListEnabled": false,
        "LoginWithPasswordEnabled": false,
        "faceAuthenticateOnLogin": false,
        "loginWithQueryString": false
    },
    "Main": {
        "LogoutOnWindowClose": false,
        "RefreshDisabled": false,
        "DevToolsDisabled": false
    },
    "UISettings": {
        "WindowSize": {
            "IsTypeInPixel": false,
            "Width": 100,
            "Height": 100
        },
        "HeaderFooterHeight": "30px"
    },
    "AppSettings": {
        "RemoteLogging": {
            "Success": true,
            "Info": true,
            "Warning": true,
            "Error": true
        },
        "NotifyTimeout": 2000,
        "FaviconName": "favicon",
        "RegisterPostMessages": true,
        "RetryOnAjaxFail": false,
        "DispatchTMACEvents": true,
        "FilesListToLoad": [
            "//translate.google.com/translate_a/element.js?cb=googleTranslateElementInit"
        ]
    },
    "VoiceBio": {
        "Enabled": false,
        "RetryLogin": true
    },
    "POM": {
        "Enabled": false,
        "CACSEnabled": false
    },
    "Custom": {}
}